Folder,CDN URL
"hl/favicon/","https://cdn.jsdelivr.net/gh/0xKanba/assets@master/hl/favicon/apple-touch-icon.png"
"hl/favicon/","https://cdn.jsdelivr.net/gh/0xKanba/assets@master/hl/favicon/favicon-96x96.png"
"hl/favicon/","https://cdn.jsdelivr.net/gh/0xKanba/assets@master/hl/favicon/favicon.ico"
"hl/favicon/","https://cdn.jsdelivr.net/gh/0xKanba/assets@master/hl/favicon/favicon.svg"
"hl/favicon/","https://cdn.jsdelivr.net/gh/0xKanba/assets@master/hl/favicon/web-app-manifest-192x192.png"
"hl/favicon/","https://cdn.jsdelivr.net/gh/0xKanba/assets@master/hl/favicon/web-app-manifest-512x512.png"
"hl/images/","https://cdn.jsdelivr.net/gh/0xKanba/assets@master/hl/images/100.png"
"hl/images/","https://cdn.jsdelivr.net/gh/0xKanba/assets@master/hl/images/btc21.png"
"hl/images/","https://cdn.jsdelivr.net/gh/0xKanba/assets@master/hl/images/gold.svg"
"hl/images/","https://cdn.jsdelivr.net/gh/0xKanba/assets@master/hl/images/icon-192x192.png"
"hl/images/","https://cdn.jsdelivr.net/gh/0xKanba/assets@master/hl/images/icon-512x512.png"
"hl/images/","https://cdn.jsdelivr.net/gh/0xKanba/assets@master/hl/images/oil.svg"
"hl/images/","https://cdn.jsdelivr.net/gh/0xKanba/assets@master/hl/images/silver.svg"
"hl/images/","https://cdn.jsdelivr.net/gh/0xKanba/assets@master/hl/images/x1.png"
"hl/images/","https://cdn.jsdelivr.net/gh/0xKanba/assets@master/hl/images/x2.png"
"hl/images/","https://cdn.jsdelivr.net/gh/0xKanba/assets@master/hl/images/x3.png"
"i/","https://cdn.jsdelivr.net/gh/0xKanba/assets@master/i/Week6.png"
"i/","https://cdn.jsdelivr.net/gh/0xKanba/assets@master/i/w1.png"
"i/","https://cdn.jsdelivr.net/gh/0xKanba/assets@master/i/w2.png"
"i/","https://cdn.jsdelivr.net/gh/0xKanba/assets@master/i/w3.png"
"i/","https://cdn.jsdelivr.net/gh/0xKanba/assets@master/i/w4.png"
"i/","https://cdn.jsdelivr.net/gh/0xKanba/assets@master/i/w5.png"
"./","https://cdn.jsdelivr.net/gh/0xKanba/assets@master/kan.svg"
"kanba.pw/","https://cdn.jsdelivr.net/gh/0xKanba/assets@master/kanba.pw/Screenshot_20260813-131008.png"
"kanba.pw/favicon/","https://cdn.jsdelivr.net/gh/0xKanba/assets@master/kanba.pw/favicon/apple-touch-icon.png"
"kanba.pw/favicon/","https://cdn.jsdelivr.net/gh/0xKanba/assets@master/kanba.pw/favicon/favicon-96x96.png"
"kanba.pw/favicon/","https://cdn.jsdelivr.net/gh/0xKanba/assets@master/kanba.pw/favicon/favicon.ico"
"kanba.pw/favicon/","https://cdn.jsdelivr.net/gh/0xKanba/assets@master/kanba.pw/favicon/favicon.svg"
"kanba.pw/favicon/","https://cdn.jsdelivr.net/gh/0xKanba/assets@master/kanba.pw/favicon/web-app-manifest-192x192.png"
"kanba.pw/favicon/","https://cdn.jsdelivr.net/gh/0xKanba/assets@master/kanba.pw/favicon/web-app-manifest-512x512.png"
"kanba.pw/favicon/","https://cdn.jsdelivr.net/gh/0xKanba/assets@master/kanba.pw/favicon/x-bg.png"
"kanba.pw/images/images/","https://cdn.jsdelivr.net/gh/0xKanba/assets@master/kanba.pw/images/images/0x.png"
"kanba.pw/images/images/","https://cdn.jsdelivr.net/gh/0xKanba/assets@master/kanba.pw/images/images/0x2000.png"
"kanba.pw/images/images/","https://cdn.jsdelivr.net/gh/0xKanba/assets@master/kanba.pw/images/images/0xKanba.png"
"kanba.pw/images/images/","https://cdn.jsdelivr.net/gh/0xKanba/assets@master/kanba.pw/images/images/0xbtc.png"
"kanba.pw/images/images/","https://cdn.jsdelivr.net/gh/0xKanba/assets@master/kanba.pw/images/images/0xmini2000.png"
"kanba.pw/images/images/","https://cdn.jsdelivr.net/gh/0xKanba/assets@master/kanba.pw/images/images/K—.png"
"kanba.pw/images/images/","https://cdn.jsdelivr.net/gh/0xKanba/assets@master/kanba.pw/images/images/K—mini.png"
"kanba.pw/images/images/","https://cdn.jsdelivr.net/gh/0xKanba/assets@master/kanba.pw/images/images/Younis.png"
"kanba.pw/images/images/","https://cdn.jsdelivr.net/gh/0xKanba/assets@master/kanba.pw/images/images/bitcoin.svg"
"kanba.pw/images/images/","https://cdn.jsdelivr.net/gh/0xKanba/assets@master/kanba.pw/images/images/btc.png"
"kanba.pw/images/images/","https://cdn.jsdelivr.net/gh/0xKanba/assets@master/kanba.pw/images/images/btc21.png"
"kanba.pw/images/images/","https://cdn.jsdelivr.net/gh/0xKanba/assets@master/kanba.pw/images/images/x-rm-b.png"
"kanba.pw/images/images/","https://cdn.jsdelivr.net/gh/0xKanba/assets@master/kanba.pw/images/images/x.mini.png"
"kanba.pw/images/images/","https://cdn.jsdelivr.net/gh/0xKanba/assets@master/kanba.pw/images/images/x.png"
"kanba.pw/images/images/","https://cdn.jsdelivr.net/gh/0xKanba/assets@master/kanba.pw/images/images/y-rm-b.png"
"shop/p1/","https://cdn.jsdelivr.net/gh/0xKanba/assets@master/shop/p1/2322627.webp"
"shop/p1/","https://cdn.jsdelivr.net/gh/0xKanba/assets@master/shop/p1/2326471.webp"
"shop/p1/","https://cdn.jsdelivr.net/gh/0xKanba/assets@master/shop/p1/942908.webp"
"shop/p1/","https://cdn.jsdelivr.net/gh/0xKanba/assets@master/shop/p1/942909.webp"
"shop/p1/","https://cdn.jsdelivr.net/gh/0xKanba/assets@master/shop/p1/942911.webp"
"shop/p1/","https://cdn.jsdelivr.net/gh/0xKanba/assets@master/shop/p1/942912.webp"
"shop/p2/","https://cdn.jsdelivr.net/gh/0xKanba/assets@master/shop/p2/1921884.webp"
"shop/p2/","https://cdn.jsdelivr.net/gh/0xKanba/assets@master/shop/p2/1921921.webp"
"shop/p2/","https://cdn.jsdelivr.net/gh/0xKanba/assets@master/shop/p2/1921922.webp"
"shop/p2/","https://cdn.jsdelivr.net/gh/0xKanba/assets@master/shop/p2/1921923.webp"
"shop/p2/","https://cdn.jsdelivr.net/gh/0xKanba/assets@master/shop/p2/1921924.webp"
"shop/p2/","https://cdn.jsdelivr.net/gh/0xKanba/assets@master/shop/p2/1921925.webp"
"shop/p2/","https://cdn.jsdelivr.net/gh/0xKanba/assets@master/shop/p2/1921926.webp"
"shop/p2/","https://cdn.jsdelivr.net/gh/0xKanba/assets@master/shop/p2/1921927.webp"
"shop/p2/","https://cdn.jsdelivr.net/gh/0xKanba/assets@master/shop/p2/1921928.webp"
"shop/p2/","https://cdn.jsdelivr.net/gh/0xKanba/assets@master/shop/p2/1921953.webp"
"shop/p2/","https://cdn.jsdelivr.net/gh/0xKanba/assets@master/shop/p2/2222908.webp"
"shop/p3/","https://cdn.jsdelivr.net/gh/0xKanba/assets@master/shop/p3/.c"
"shop/p3/","https://cdn.jsdelivr.net/gh/0xKanba/assets@master/shop/p3/PRODUCT_20260713_112022_880_0.webp"
"shop/p3/","https://cdn.jsdelivr.net/gh/0xKanba/assets@master/shop/p3/PRODUCT_20260713_112024_038_1.webp"
"shop/p3/","https://cdn.jsdelivr.net/gh/0xKanba/assets@master/shop/p3/PRODUCT_20260713_112041_336_6.webp"
"shop/p3/","https://cdn.jsdelivr.net/gh/0xKanba/assets@master/shop/p3/PRODUCT_20260713_112043_963_7.webp"
"shop/p3/","https://cdn.jsdelivr.net/gh/0xKanba/assets@master/shop/p3/PRODUCT_20260713_112047_601_8.webp"
"shop/p3/","https://cdn.jsdelivr.net/gh/0xKanba/assets@master/shop/p3/PRODUCT_20260713_112051_083_9.webp"
"shop/p3/","https://cdn.jsdelivr.net/gh/0xKanba/assets@master/shop/p3/PRODUCT_20260713_112104_095_13.webp"
"shop/p3/","https://cdn.jsdelivr.net/gh/0xKanba/assets@master/shop/p3/PRODUCT_20260713_112109_393_14.webp"
"shop/p3/","https://cdn.jsdelivr.net/gh/0xKanba/assets@master/shop/p3/PRODUCT_20260713_112112_153_15.webp"
"shop/p3/","https://cdn.jsdelivr.net/gh/0xKanba/assets@master/shop/p3/PRODUCT_20260713_112113_796_16.webp"
"shop/p3/","https://cdn.jsdelivr.net/gh/0xKanba/assets@master/shop/p3/PRODUCT_20260713_112118_616_18.webp"
"shop/p4/","https://cdn.jsdelivr.net/gh/0xKanba/assets@master/shop/p4/.c"
"shop/p4/","https://cdn.jsdelivr.net/gh/0xKanba/assets@master/shop/p4/PRODUCT_20260823_174223_158_0.webp"
"shop/p4/","https://cdn.jsdelivr.net/gh/0xKanba/assets@master/shop/p4/PRODUCT_20260823_174224_843_1.webp"
"shop/p4/","https://cdn.jsdelivr.net/gh/0xKanba/assets@master/shop/p4/PRODUCT_20260823_174226_507_2.webp"
"shop/p4/","https://cdn.jsdelivr.net/gh/0xKanba/assets@master/shop/p4/PRODUCT_20260823_174228_499_3.webp"
"shop/p4/","https://cdn.jsdelivr.net/gh/0xKanba/assets@master/shop/p4/PRODUCT_20260823_174230_181_4.webp"
"shop/p4/","https://cdn.jsdelivr.net/gh/0xKanba/assets@master/shop/p4/PRODUCT_20260823_174233_190_5.webp"
"shop/","https://cdn.jsdelivr.net/gh/0xKanba/assets@master/shop/pro.webp"
"younis/","https://cdn.jsdelivr.net/gh/0xKanba/assets@master/younis/imresizer-730313333_18450648484139861_4593309594478177746_n.png"
"younis/","https://cdn.jsdelivr.net/gh/0xKanba/assets@master/younis/younis.png"
